1,jollyrancher,0,0,NULL,jolly rancher,1,1,1,0
2,jol,0,0,NULL,jols,1,1,1,0
3,juicyfruit,0,0,NULL,juicy fruit,1,1,1,0
4,justiceleague,0,0,NULL,justice league,1,1,1,0
5,ky,0,0,NULL,k-y,1,1,1,0
6,k y,0,0,NULL,k-y,1,1,1,0
7,kelloggs,0,0,NULL,kellogg's,1,1,1,0
8,kellogg,0,0,NULL,kellogg's,1,1,1,0
9,kelly,0,0,NULL,kellys,1,1,1,0
10,kitkat,0,0,NULL,kit kat,1,1,1,0
11,koko,0,0,NULL,koko's,1,1,1,0
12,kokos,0,0,NULL,koko's,1,1,1,0
13,l and p,0,0,NULL,l & p,1,1,1,0
14,lp,0,0,NULL,l & p,1,1,1,0
15,l n p,0,0,NULL,l & p,1,1,1,0
16,l&p,0,0,NULL,l & p,1,1,1,0
17,loreal,0,0,NULL,l'oreal,1,1,1,0
18,laffytaffy,0,0,NULL,laffy taffy,1,1,1,0
19,lays,0,0,NULL,lay's,1,1,1,0
20,lay,0,0,NULL,lay's,1,1,1,0
21,leroy,0,0,NULL,leroy's,1,1,1,0
22,leroys,0,0,NULL,leroy's,1,1,1,0
23,lil tracks sour,0,0,NULL,li'l tracks sour,1,1,1,0
24,li'ltrackssour,0,0,NULL,li'l tracks sour,1,1,1,0
25,liltrackssour,0,0,NULL,li'l tracks sour,1,1,1,0
26,lil' tracks sour,0,0,NULL,li'l tracks sour,1,1,1,0
27,lil'trackssour,0,0,NULL,li'l tracks sour,1,1,1,0
28,libbys,0,0,NULL,libby's,1,1,1,0
29,libby,0,0,NULL,libby's,1,1,1,0
30,life saver,0,0,NULL,life savers,1,1,1,0
31,lifesavers,0,0,NULL,life savers,1,1,1,0
32,lifesaver,0,0,NULL,life savers,1,1,1,0
33,lilyo'brian,0,0,NULL,lily o'brian,1,1,1,0
34,lily obrian,0,0,NULL,lily o'brian,1,1,1,0
35,lilyobrian,0,0,NULL,lily o'brian,1,1,1,0
36,lollymania,0,0,NULL,lolly mania,1,1,1,0
37,lotu,0,0,NULL,lotus,1,1,1,0
38,luca,0,0,NULL,lucas,1,1,1,0
39,lyle,0,0,NULL,lyle's,1,1,1,0
40,lyles,0,0,NULL,lyle's,1,1,1,0
41,m & m's,0,0,NULL,m&m's,1,1,1,0
42,m&m,0,0,NULL,m&m's,1,1,1,0
43,m&ms,0,0,NULL,m&m's,1,1,1,0
44,mm,0,0,NULL,m&m's,1,1,1,0
45,m n m's,0,0,NULL,m&m's,1,1,1,0
46,m & m,0,0,NULL,m&m's,1,1,1,0
47,mm's,0,0,NULL,m&m's,1,1,1,0
48,m n ms,0,0,NULL,m&m's,1,1,1,0
49,mms,0,0,NULL,m&m's,1,1,1,0
50,m and m,0,0,NULL,m&m's,1,1,1,0
51,m & ms,0,0,NULL,m&m's,1,1,1,0
52,m and m's,0,0,NULL,m&m's,1,1,1,0
53,m and ms,0,0,NULL,m&m's,1,1,1,0
54,m n m,0,0,NULL,m&m's,1,1,1,0
55,maclean,0,0,NULL,macleans,1,1,1,0
56,malteser,0,0,NULL,maltesers,1,1,1,0
57,manchesterunited,0,0,NULL,manchester united,1,1,1,0
58,mandymartin,0,0,NULL,mandy martin,1,1,1,0
59,mar,0,0,NULL,mars,1,1,1,0
60,marshmallowfluff,0,0,NULL,marshmallow fluff,1,1,1,0
61,maynard,0,0,NULL,maynards,1,1,1,0
62,mcvitie,0,0,NULL,mcvitie's,1,1,1,0
63,mcvities,0,0,NULL,mcvitie's,1,1,1,0
64,medichoice,0,0,NULL,medi choice,1,1,1,0
65,megamonsetermunch,0,0,NULL,mega monseter munch,1,1,1,0
66,melloyello,0,0,NULL,mello yello,1,1,1,0
67,mento,0,0,NULL,mentos,1,1,1,0
68,mike&ike,0,0,NULL,mike & ike,1,1,1,0
69,mike n ike,0,0,NULL,mike & ike,1,1,1,0
70,mike and ike,0,0,NULL,mike & ike,1,1,1,0
71,mikeike,0,0,NULL,mike & ike,1,1,1,0
72,milk dud,0,0,NULL,milk duds,1,1,1,0
73,milkduds,0,0,NULL,milk duds,1,1,1,0
74,milkdud,0,0,NULL,milk duds,1,1,1,0
75,milkybar,0,0,NULL,milky bar,1,1,1,0
76,milkyway,0,0,NULL,milky way,1,1,1,0
77,milliondollarbar,0,0,NULL,million dollar bar,1,1,1,0
78,minion,0,0,NULL,minions,1,1,1,0
79,morningfresh,0,0,NULL,morning fresh,1,1,1,0
80,mountaindew,0,0,NULL,mountain dew,1,1,1,0
81,mrbasil,0,0,NULL,mr basil,1,1,1,0
82,mrgoodbar,0,0,NULL,mr goodbar,1,1,1,0
83,mrmuscle,0,0,NULL,mr muscle,1,1,1,0
84,mrstanley's,0,0,NULL,mr stanley's,1,1,1,0
85,mrstanley,0,0,NULL,mr stanley's,1,1,1,0
86,mr stanley,0,0,NULL,mr stanley's,1,1,1,0
87,mr stanleys,0,0,NULL,mr stanley's,1,1,1,0
88,mrstanleys,0,0,NULL,mr stanley's,1,1,1,0
89,mrs freshleys,0,0,NULL,mrs freshley's,1,1,1,0
90,mrsfreshleys,0,0,NULL,mrs freshley's,1,1,1,0
91,mrs freshley,0,0,NULL,mrs freshley's,1,1,1,0
92,mrsfreshley,0,0,NULL,mrs freshley's,1,1,1,0
93,mrsfreshley's,0,0,NULL,mrs freshley's,1,1,1,0
94,naturesorganic,0,0,NULL,nature's organic,1,1,1,0
95,nature'sorganic,0,0,NULL,nature's organic,1,1,1,0
96,natures organic,0,0,NULL,nature's organic,1,1,1,0
97,nature organic,0,0,NULL,nature's organic,1,1,1,0
98,natureorganic,0,0,NULL,nature's organic,1,1,1,0
99,nerd,0,0,NULL,nerds,1,1,1,0
100,ninjaturtles,0,0,NULL,ninja turtles,1,1,1,0
101,ninjaturtle,0,0,NULL,ninja turtles,1,1,1,0
102,ninja turtle,0,0,NULL,ninja turtles,1,1,1,0
103,now and later,0,0,NULL,now & later,1,1,1,0
104,nowlater,0,0,NULL,now & later,1,1,1,0
105,now&later,0,0,NULL,now & later,1,1,1,0
106,now n later,0,0,NULL,now & later,1,1,1,0
107,nulahoop,0,0,NULL,nula hoops,1,1,1,0
108,nula hoop,0,0,NULL,nula hoops,1,1,1,0
109,nulahoops,0,0,NULL,nula hoops,1,1,1,0
110,officecentral,0,0,NULL,office central,1,1,1,0
111,oldjamaica,0,0,NULL,old jamaica,1,1,1,0
112,oracleorganic,0,0,NULL,oracle organic,1,1,1,0
113,oralb,0,0,NULL,oral-b,1,1,1,0
114,oral b,0,0,NULL,oral-b,1,1,1,0
115,original spring,0,0,NULL,original springs,1,1,1,0
116,originalspring,0,0,NULL,original springs,1,1,1,0
117,originalsprings,0,0,NULL,original springs,1,1,1,0
118,ovalteenie,0,0,NULL,ovalteenies,1,1,1,0
119,pacman,0,0,NULL,pac-man,1,1,1,0
120,pac man,0,0,NULL,pac-man,1,1,1,0
121,pain100,0,0,NULL,pain 100%,1,1,1,0
122,pain100%,0,0,NULL,pain 100%,1,1,1,0
123,pain 100,0,0,NULL,pain 100%,1,1,1,0
124,painisgood,0,0,NULL,pain is good,1,1,1,0
125,partydelight,0,0,NULL,party delights,1,1,1,0
126,partydelights,0,0,NULL,party delights,1,1,1,0
127,party delight,0,0,NULL,party delights,1,1,1,0
128,pawpatrol,0,0,NULL,paw patrol,1,1,1,0
129,pg tip,0,0,NULL,pg tips,1,1,1,0
130,pgtips,0,0,NULL,pg tips,1,1,1,0
131,pgtip,0,0,NULL,pg tips,1,1,1,0
132,pinpop,0,0,NULL,pin pop,1,1,1,0
133,pineocleen,0,0,NULL,pine o cleen,1,1,1,0
134,pod,0,0,NULL,pods,1,1,1,0
135,poprock,0,0,NULL,pop rocks,1,1,1,0
136,poprocks,0,0,NULL,pop rocks,1,1,1,0
137,pop rock,0,0,NULL,pop rocks,1,1,1,0
138,poppie,0,0,NULL,poppies,1,1,1,0
139,postit,0,0,NULL,post-it,1,1,1,0
140,post it,0,0,NULL,post-it,1,1,1,0
141,potnoodle,0,0,NULL,pot noodle,1,1,1,0
142,princes,0,0,NULL,princess,1,1,1,0
143,pringle,0,0,NULL,pringles,1,1,1,0
144,pronamel,0,0,NULL,pro namel,1,1,1,0
145,purapapa,0,0,NULL,pura papa,1,1,1,0
146,quaver,0,0,NULL,quavers,1,1,1,0
147,raisinet,0,0,NULL,raisinets,1,1,1,0
148,razzle,0,0,NULL,razzles,1,1,1,0
149,redbull,0,0,NULL,red bull,1,1,1,0
150,redrockdeli,0,0,NULL,red rock deli,1,1,1,0
151,redvine,0,0,NULL,redvines,1,1,1,0
152,reeds,0,0,NULL,reed's,1,1,1,0
153,reed,0,0,NULL,reed's,1,1,1,0
154,reese,0,0,NULL,reese's,1,1,1,0
155,reeses,0,0,NULL,reese's,1,1,1,0
156,refresher,0,0,NULL,refreshers,1,1,1,0
157,revel,0,0,NULL,revels,1,1,1,0
158,ringpop,0,0,NULL,ring pop,1,1,1,0
159,rittersport,0,0,NULL,ritter sport,1,1,1,0
160,rockymountain,0,0,NULL,rocky mountain,1,1,1,0
161,rollabelta,0,0,NULL,rolla belta,1,1,1,0
162,rountree,0,0,NULL,rountrees,1,1,1,0
163,rudedude,0,0,NULL,rude dudes,1,1,1,0
164,rudedudes,0,0,NULL,rude dudes,1,1,1,0
165,rude dude,0,0,NULL,rude dudes,1,1,1,0
166,sather,0,0,NULL,sathers,1,1,1,0
167,scoobydoo,0,0,NULL,scooby doo,1,1,1,0
168,scotchbrite,0,0,NULL,scotch brite,1,1,1,0
169,shopkin,0,0,NULL,shopkins,1,1,1,0
170,simpkin,0,0,NULL,simpkins,1,1,1,0
171,simpson,0,0,NULL,simpsons,1,1,1,0
172,sixlet,0,0,NULL,sixlets,1,1,1,0
173,skip,0,0,NULL,skips,1,1,1,0
174,skittle,0,0,NULL,skittles,1,1,1,0
175,slimfruits,0,0,NULL,slim fruits,1,1,1,0
176,slim fruit,0,0,NULL,slim fruits,1,1,1,0
177,slimfruit,0,0,NULL,slim fruits,1,1,1,0
178,slushpuppie,0,0,NULL,slush puppie,1,1,1,0
179,smartie,0,0,NULL,smarties,1,1,1,0
180,smiths,0,0,NULL,smith's,1,1,1,0
181,smith,0,0,NULL,smith's,1,1,1,0
182,smuckers,0,0,NULL,smucker's,1,1,1,0
183,smucker,0,0,NULL,smucker's,1,1,1,0
184,snicker,0,0,NULL,snickers,1,1,1,0
185,soother,0,0,NULL,soothers,1,1,1,0
186,sourpatch,0,0,NULL,sour patch,1,1,1,0
187,sourpunch,0,0,NULL,sour punch,1,1,1,0
188,spongebob,0,0,NULL,sponge bob,1,1,1,0
189,starwars,0,0,NULL,star wars,1,1,1,0
190,star war,0,0,NULL,star wars,1,1,1,0
191,starwar,0,0,NULL,star wars,1,1,1,0
192,starbuck,0,0,NULL,starbucks,1,1,1,0
193,stewart,0,0,NULL,stewart's,1,1,1,0
194,stewarts,0,0,NULL,stewart's,1,1,1,0
195,strepsil,0,0,NULL,strepsils,1,1,1,0
196,sugarbabie,0,0,NULL,sugar babies,1,1,1,0
197,sugar babie,0,0,NULL,sugar babies,1,1,1,0
198,sugarbabies,0,0,NULL,sugar babies,1,1,1,0
199,sugardaddy,0,0,NULL,sugar daddy,1,1,1,0
200,sugar free vine,0,0,NULL,sugar free vines,1,1,1,0
201,sugarfreevines,0,0,NULL,sugar free vines,1,1,1,0
202,sugarfreevine,0,0,NULL,sugar free vines,1,1,1,0
203,swedishfish,0,0,NULL,swedish fish,1,1,1,0
204,sweet and sour,0,0,NULL,sweet & sour,1,1,1,0
205,sweet&sour,0,0,NULL,sweet & sour,1,1,1,0
206,sweet n sour,0,0,NULL,sweet & sour,1,1,1,0
207,sweetsour,0,0,NULL,sweet & sour,1,1,1,0
208,sweetart,0,0,NULL,sweetarts,1,1,1,0
209,sweetheart,0,0,NULL,sweethearts,1,1,1,0
210,sweetman,0,0,NULL,sweetmans,1,1,1,0
211,swirl pop,0,0,NULL,swirl pops,1,1,1,0
212,swirlpop,0,0,NULL,swirl pops,1,1,1,0
213,swirlpops,0,0,NULL,swirl pops,1,1,1,0
214,swizzel,0,0,NULL,swizzel's,1,1,1,0
215,swizzels,0,0,NULL,swizzel's,1,1,1,0
216,tahitiantreat,0,0,NULL,tahitian treat,1,1,1,0
217,takefive,0,0,NULL,take 5,1,1,1,0
218,take five,0,0,NULL,take 5,1,1,1,0
219,take5,0,0,NULL,take 5,1,1,1,0
220,tavener,0,0,NULL,taveners,1,1,1,0
221,tealight,0,0,NULL,tealights,1,1,1,0
222,terry,0,0,NULL,terrys,1,1,1,0
223,thejuiceguys,0,0,NULL,the juice guys,1,1,1,0
224,the juice guy,0,0,NULL,the juice guys,1,1,1,0
225,thejuiceguy,0,0,NULL,the juice guys,1,1,1,0
226,thin,0,0,NULL,thins,1,1,1,0
227,thornton,0,0,NULL,thorntons,1,1,1,0
228,tictac,0,0,NULL,tic tac,1,1,1,0
229,tilley,0,0,NULL,tilley's,1,1,1,0
230,tilleys,0,0,NULL,tilley's,1,1,1,0
231,tootarts,0,0,NULL,too tarts,1,1,1,0
232,too tart,0,0,NULL,too tarts,1,1,1,0
233,tootart,0,0,NULL,too tarts,1,1,1,0
234,topp,0,0,NULL,topps,1,1,1,0
235,toxicwaste,0,0,NULL,toxic waste,1,1,1,0
236,transformer,0,0,NULL,transformers,1,1,1,0
237,troll,0,0,NULL,trolls,1,1,1,0
238,twizzler,0,0,NULL,twizzlers,1,1,1,0
239,vampirechew,0,0,NULL,vampire chews,1,1,1,0
240,vampire chew,0,0,NULL,vampire chews,1,1,1,0
241,vampirechews,0,0,NULL,vampire chews,1,1,1,0
242,venu,0,0,NULL,venus,1,1,1,0
243,vick,0,0,NULL,vicks,1,1,1,0
244,virgils,0,0,NULL,virgil's,1,1,1,0
245,virgil,0,0,NULL,virgil's,1,1,1,0
246,vofive,0,0,NULL,vo5,1,1,1,0
247,walker'snonsuch,0,0,NULL,walker's nonsuch,1,1,1,0
248,walkers nonsuch,0,0,NULL,walker's nonsuch,1,1,1,0
249,walkersnonsuch,0,0,NULL,walker's nonsuch,1,1,1,0
250,walkernonsuch,0,0,NULL,walker's nonsuch,1,1,1,0
251,walker nonsuch,0,0,NULL,walker's nonsuch,1,1,1,0
252,walker,0,0,NULL,walkers,1,1,1,0
253,warhead,0,0,NULL,warheads,1,1,1,0
254,welchs,0,0,NULL,welch's,1,1,1,0
255,welch,0,0,NULL,welch's,1,1,1,0
256,werther,0,0,NULL,werther's,1,1,1,0
257,werthers,0,0,NULL,werther's,1,1,1,0
258,wetone,0,0,NULL,wetones,1,1,1,0
259,wheatcrunchie,0,0,NULL,wheat crunchies,1,1,1,0
260,wheatcrunchies,0,0,NULL,wheat crunchies,1,1,1,0
261,wheat crunchie,0,0,NULL,wheat crunchies,1,1,1,0
262,whiteking,0,0,NULL,white king,1,1,1,0
263,whittaker,0,0,NULL,whittaker's,1,1,1,0
264,whittakers,0,0,NULL,whittaker's,1,1,1,0
265,whopper,0,0,NULL,whoppers,1,1,1,0
266,wickedfizz,0,0,NULL,wicked fizz,1,1,1,0
267,wizzfizz,0,0,NULL,wizz fizz,1,1,1,0
268,wrigleys,0,0,NULL,wrigley's,1,1,1,0
269,wrigley,0,0,NULL,wrigley's,1,1,1,0
270,zombiechew,0,0,NULL,zombie chew,1,1,1,0
271,pryde,0,0,NULL,prydes,1,1,1,0
272,lottaluv,0,0,NULL,lotta luv,1,1,1,0
273,johnson,0,0,NULL,johnson's,1,1,1,0
274,johnsons,0,0,NULL,johnson's,1,1,1,0
275,jellybeanfactory,0,0,NULL,jelly bean factory,1,1,1,0
276,jellybelly,0,0,NULL,jelly belly,1,1,1,0
277,jellyfilled,0,0,NULL,jelly filled,1,1,1,0
278,jellyjar,0,0,NULL,jelly jar,1,1,1,0
279,johnson n johnson,0,0,NULL,johnson & johnson,1,1,1,0
280,johnsonjohnson,0,0,NULL,johnson & johnson,1,1,1,0
281,johnson&johnson,0,0,NULL,johnson & johnson,1,1,1,0
282,johnson and johnson,0,0,NULL,johnson & johnson,1,1,1,0
283,oceanspray,0,0,NULL,ocean spray,1,1,1,0
284,twistie,0,0,NULL,twisties,1,1,1,0
285,tastebeauty,0,0,NULL,taste beauty,1,1,1,0
286,28 black,0,0,NULL,28black,1,1,1,0
287,3musketeer,0,0,NULL,3musketeers,1,1,1,0
288,threemusketeer,0,0,NULL,3musketeers,1,1,1,0
289,threemusketeers,0,0,NULL,3musketeers,1,1,1,0
290,3 musketeers,0,0,NULL,3musketeers,1,1,1,0
291,3 musketeer,0,0,NULL,3musketeers,1,1,1,0
292,three musketeer,0,0,NULL,3musketeers,1,1,1,0
293,three musketeers,0,0,NULL,3musketeers,1,1,1,0
294,fivehourenergy,0,0,NULL,5-hour energy,1,1,1,0
295,five-hourenergy,0,0,NULL,5-hour energy,1,1,1,0
296,fivehour energy,0,0,NULL,5-hour energy,1,1,1,0
297,5hour energy,0,0,NULL,5-hour energy,1,1,1,0
298,five-hour energy,0,0,NULL,5-hour energy,1,1,1,0
299,5hourenergy,0,0,NULL,5-hour energy,1,1,1,0
300,5-hourenergy,0,0,NULL,5-hour energy,1,1,1,0
301,5 hour energy,0,0,NULL,5-hour energy,1,1,1,0
302,five hour energy,0,0,NULL,5-hour energy,1,1,1,0
303,fivegum,0,0,NULL,5gum,1,1,1,0
304,5 gum,0,0,NULL,5gum,1,1,1,0
305,five gum,0,0,NULL,5gum,1,1,1,0
306,7 up,0,0,NULL,7up,1,1,1,0
307,seven up,0,0,NULL,7up,1,1,1,0
308,sevenup,0,0,NULL,7up,1,1,1,0
309,a & w,0,0,NULL,a&w,1,1,1,0
310,a n w,0,0,NULL,a&w,1,1,1,0
311,a and w,0,0,NULL,a&w,1,1,1,0
312,aw,0,0,NULL,a&w,1,1,1,0
313,adida,0,0,NULL,adidas,1,1,1,0
314,airhead,0,0,NULL,airheads,1,1,1,0
315,airwave,0,0,NULL,airwaves,1,1,1,0
316,allen,0,0,NULL,allen's,1,1,1,0
317,allens,0,0,NULL,allen's,1,1,1,0
318,allsep,0,0,NULL,allseps,1,1,1,0
319,aloevera,0,0,NULL,aloe vera,1,1,1,0
320,altoid,0,0,NULL,altoids,1,1,1,0
321,ambipur,0,0,NULL,ambi pur,1,1,1,0
322,angeldelight,0,0,NULL,angel delight,1,1,1,0
323,angrybird,0,0,NULL,angry birds,1,1,1,0
324,angry bird,0,0,NULL,angry birds,1,1,1,0
325,angrybirds,0,0,NULL,angry birds,1,1,1,0
326,arnotts,0,0,NULL,arnott's,1,1,1,0
327,arnott,0,0,NULL,arnott's,1,1,1,0
328,auntjemima,0,0,NULL,aunt jemima,1,1,1,0
329,avenger,0,0,NULL,avengers,1,1,1,0
330,bananaboat,0,0,NULL,banana boat,1,1,1,0
331,bandaid,0,0,NULL,band-aid,1,1,1,0
332,band aid,0,0,NULL,band-aid,1,1,1,0
333,barq,0,0,NULL,barq's,1,1,1,0
334,barqs,0,0,NULL,barq's,1,1,1,0
335,bassetts,0,0,NULL,bassett's,1,1,1,0
336,bassett,0,0,NULL,bassett's,1,1,1,0
337,beacon tot,0,0,NULL,beacon tots,1,1,1,0
338,beacontot,0,0,NULL,beacon tots,1,1,1,0
339,beacontots,0,0,NULL,beacon tots,1,1,1,0
340,beanie boo,0,0,NULL,beanie boos,1,1,1,0
341,beanieboos,0,0,NULL,beanie boos,1,1,1,0
342,beanieboo,0,0,NULL,beanie boos,1,1,1,0
343,ben shaw,0,0,NULL,ben shaws,1,1,1,0
344,benshaws,0,0,NULL,ben shaws,1,1,1,0
345,benshaw,0,0,NULL,ben shaws,1,1,1,0
346,bendick,0,0,NULL,bendicks,1,1,1,0
347,bigcock,0,0,NULL,big cock,1,1,1,0
348,bigleague,0,0,NULL,big league,1,1,1,0
349,bigpineapple,0,0,NULL,big pineapple,1,1,1,0
350,bigred,0,0,NULL,big red,1,1,1,0
351,bird,0,0,NULL,birds,1,1,1,0
352,blowpipe,0,0,NULL,blowpipes,1,1,1,0
353,bob,0,0,NULL,bob's,1,1,1,0
354,bobs,0,0,NULL,bob's,1,1,1,0
355,brachs,0,0,NULL,brach's,1,1,1,0
356,brach,0,0,NULL,brach's,1,1,1,0
357,bubbliciou,0,0,NULL,bubblicious,1,1,1,0
358,buttermenthol,0,0,NULL,butter menthol ,1,1,1,0
359,cactuscooler,0,0,NULL,cactus cooler,1,1,1,0
360,cadburydairymilk,0,0,NULL,cadbury dairy milk,1,1,1,0
361,canadadry,0,0,NULL,canada dry,1,1,1,0
362,cancercouncil,0,0,NULL,cancer council,1,1,1,0
363,candycoatedmarshmallow,0,0,NULL,candy coated marshmallow,1,1,1,0
364,capn crunch,0,0,NULL,cap'n crunch,1,1,1,0
365,cap'ncrunch,0,0,NULL,cap'n crunch,1,1,1,0
366,capncrunch,0,0,NULL,cap'n crunch,1,1,1,0
367,cap n crunch,0,0,NULL,cap'n crunch,1,1,1,0
368,cavendish n harvey,0,0,NULL,cavendish & harvey,1,1,1,0
369,cavendish and harvey,0,0,NULL,cavendish & harvey,1,1,1,0
370,cavendish&harvey,0,0,NULL,cavendish & harvey,1,1,1,0
371,cavendishharvey,0,0,NULL,cavendish & harvey,1,1,1,0
372,ccs,0,0,NULL,cc's,1,1,1,0
373,cc,0,0,NULL,cc's,1,1,1,0
374,charm,0,0,NULL,charms,1,1,1,0
375,cheerio,0,0,NULL,cheerios,1,1,1,0
376,cheeto,0,0,NULL,cheetos,1,1,1,0
377,cheezel,0,0,NULL,cheezels,1,1,1,0
378,chunkyfunkeez,0,0,NULL,chunky funkeez,1,1,1,0
379,chupachup,0,0,NULL,chupa chup,1,1,1,0
380,chupachup,0,0,NULL,chupa chups,1,1,1,0
381,chupachups,0,0,NULL,chupa chups,1,1,1,0
382,chupa chup,0,0,NULL,chupa chups,1,1,1,0
383,clifbar,0,0,NULL,clif bar,1,1,1,0
384,cocacola,0,0,NULL,coca-cola,1,1,1,0
385,coca cola,0,0,NULL,coca-cola,1,1,1,0
386,countrydream,0,0,NULL,country dreams,1,1,1,0
387,countrydreams,0,0,NULL,country dreams,1,1,1,0
388,country dream,0,0,NULL,country dreams,1,1,1,0
389,cusson,0,0,NULL,cussons,1,1,1,0
390,dabomb,0,0,NULL,da'bomb,1,1,1,0
391,daddie,0,0,NULL,daddies,1,1,1,0
392,demet,0,0,NULL,demets,1,1,1,0
393,desertstorm,0,0,NULL,desert storm,1,1,1,0
394,dipstix,0,0,NULL,dip stix,1,1,1,0
395,dippee,0,0,NULL,dippees,1,1,1,0
396,disco,0,0,NULL,discos,1,1,1,0
397,doritos,0,0,NULL,dorito's,1,1,1,0
398,dorito,0,0,NULL,dorito's,1,1,1,0
399,dorito,0,0,NULL,doritos,1,1,1,0
400,doublebubble,0,0,NULL,double bubble,1,1,1,0
401,drpepper,0,0,NULL,dr pepper,1,1,1,0
402,dubblebubble,0,0,NULL,dubble bubble,1,1,1,0
403,ducttape,0,0,NULL,duct tape,1,1,1,0
404,elbubble,0,0,NULL,el bubble,1,1,1,0
405,elyucateco,0,0,NULL,el yucateco,1,1,1,0
406,farrah,0,0,NULL,farrah's,1,1,1,0
407,farrahs,0,0,NULL,farrah's,1,1,1,0
408,ferrarapan,0,0,NULL,ferrara pan,1,1,1,0
409,findingdory,0,0,NULL,finding dory,1,1,1,0
410,fisherman'sfriend,0,0,NULL,fisherman's friend,1,1,1,0
411,fishermans friend,0,0,NULL,fisherman's friend,1,1,1,0
412,fishermansfriend,0,0,NULL,fisherman's friend,1,1,1,0
413,fisherman friend,0,0,NULL,fisherman's friend,1,1,1,0
414,fishermanfriend,0,0,NULL,fisherman's friend,1,1,1,0
415,fizzer,0,0,NULL,fizzers,1,1,1,0
416,fluffystuff,0,0,NULL,fluffy stuff,1,1,1,0
417,flyingcauldron,0,0,NULL,flying cauldron,1,1,1,0
418,fourseasonsnaked,0,0,NULL,four seasons naked,1,1,1,0
419,frank,0,0,NULL,franks,1,1,1,0
420,frenchfries,0,0,NULL,french fries,1,1,1,0
421,french frie,0,0,NULL,french fries,1,1,1,0
422,frenchfrie,0,0,NULL,french fries,1,1,1,0
423,freshenup,0,0,NULL,freshen-up,1,1,1,0
424,freshen up,0,0,NULL,freshen-up,1,1,1,0
425,frito,0,0,NULL,fritos,1,1,1,0
426,fruitstripe,0,0,NULL,fruit stripe,1,1,1,0
427,fujixerox,0,0,NULL,fuji xerox,1,1,1,0
428,gamesformotion,0,0,NULL,games for motion,1,1,1,0
429,gaspump,0,0,NULL,gas pump,1,1,1,0
430,geektape,0,0,NULL,geek tape,1,1,1,0
431,generalmill,0,0,NULL,general mills,1,1,1,0
432,generalmills,0,0,NULL,general mills,1,1,1,0
433,general mill,0,0,NULL,general mills,1,1,1,0
434,ghostdrops,0,0,NULL,ghost drops,1,1,1,0
435,ghost drop,0,0,NULL,ghost drops,1,1,1,0
436,ghostdrop,0,0,NULL,ghost drops,1,1,1,0
437,giantroaster,0,0,NULL,giant roaster,1,1,1,0
438,gilliamstick,0,0,NULL,gilliam stick,1,1,1,0
439,glownail,0,0,NULL,glow nails,1,1,1,0
440,glow nail,0,0,NULL,glow nails,1,1,1,0
441,glownails,0,0,NULL,glow nails,1,1,1,0
442,gonatural,0,0,NULL,go natural,1,1,1,0
443,goetzecowtale,0,0,NULL,goetze cow tales,1,1,1,0
444,goetzecowtales,0,0,NULL,goetze cow tales,1,1,1,0
445,goetze cow tale,0,0,NULL,goetze cow tales,1,1,1,0
446,goodfruity,0,0,NULL,good & fruity,1,1,1,0
447,good&fruity,0,0,NULL,good & fruity,1,1,1,0
448,good and fruity,0,0,NULL,good & fruity,1,1,1,0
449,good n fruity,0,0,NULL,good & fruity,1,1,1,0
450,goodplenty,0,0,NULL,good & plenty,1,1,1,0
451,good and plenty,0,0,NULL,good & plenty,1,1,1,0
452,good&plenty,0,0,NULL,good & plenty,1,1,1,0
453,good n plenty,0,0,NULL,good & plenty,1,1,1,0
454,grainwave,0,0,NULL,grainwaves,1,1,1,0
455,grans,0,0,NULL,gran's,1,1,1,0
456,gran,0,0,NULL,gran's,1,1,1,0
457,grapevine,0,0,NULL,grapevines,1,1,1,0
458,greekyogurt,0,0,NULL,greek yogurt,1,1,1,0
459,greentime,0,0,NULL,green time,1,1,1,0
460,gummyfilledmarshmallow,0,0,NULL,gummy filled marshmallow,1,1,1,0
461,harrypotter,0,0,NULL,harry potter,1,1,1,0
462,hawaiianpunch,0,0,NULL,hawaiian punch,1,1,1,0
463,hayward,0,0,NULL,haywards,1,1,1,0
464,head shoulder,0,0,NULL,head shoulders,1,1,1,0
465,headshoulder,0,0,NULL,head shoulders,1,1,1,0
466,headshoulders,0,0,NULL,head shoulders,1,1,1,0
467,helloketty,0,0,NULL,hello ketty,1,1,1,0
468,hellopanda,0,0,NULL,hello panda,1,1,1,0
469,herbalessence,0,0,NULL,herbal essences,1,1,1,0
470,herbalessences,0,0,NULL,herbal essences,1,1,1,0
471,herbal essence,0,0,NULL,herbal essences,1,1,1,0
472,herr,0,0,NULL,herr's,1,1,1,0
473,herrs,0,0,NULL,herr's,1,1,1,0
474,hershey,0,0,NULL,hershey's,1,1,1,0
475,hersheys,0,0,NULL,hershey's,1,1,1,0
476,hostes,0,0,NULL,hostess,1,1,1,0
477,hot tamale,0,0,NULL,hot tamales,1,1,1,0
478,hottamale,0,0,NULL,hot tamales,1,1,1,0
479,hottamales,0,0,NULL,hot tamales,1,1,1,0
480,hothead,0,0,NULL,hotheads,1,1,1,0
481,hubbabubba,0,0,NULL,hubba bubba,1,1,1,0
482,huggie,0,0,NULL,huggies,1,1,1,0
483,hulahoop,0,0,NULL,hula hoops,1,1,1,0
484,hulahoops,0,0,NULL,hula hoops,1,1,1,0
485,hula hoop,0,0,NULL,hula hoops,1,1,1,0
486,hygiene plu,0,0,NULL,hygiene plus,1,1,1,0
487,hygieneplu,0,0,NULL,hygiene plus,1,1,1,0
488,hygieneplus,0,0,NULL,hygiene plus,1,1,1,0
489,icebreaker,0,0,NULL,ice breaker,1,1,1,0
490,jackdaniel,0,0,NULL,jack daniel's,1,1,1,0
491,jack daniel,0,0,NULL,jack daniel's,1,1,1,0
492,jackdaniel's,0,0,NULL,jack daniel's,1,1,1,0
493,jackdaniels,0,0,NULL,jack daniel's,1,1,1,0
494,jack daniels,0,0,NULL,jack daniel's,1,1,1,0
495,jacobs,0,0,NULL,jacob's,1,1,1,0
496,jacob,0,0,NULL,jacob's,1,1,1,0
497,spellecrino,0,0,NULL,s.pellecrino,1,1,1,0
498,pellecrino,0,0,NULL,s.pellecrino,1,1,1,0
499,s pellecrino,0,0,NULL,s.pellecrino,1,1,1,0
